vessel,length,crew,tonnage,tonnage_units,engine_power,power_units,imo,noaa_callsign,wcpfc_callsign,length_units,mmsi_manual,mmsi_source,tonnage_manual,tonnage_manual_units,length_manual,length_manual_units,manual_override,manual_source
3 Brothers,75,6,121,GRT,300,HP,8886917,WDJ2190,WDJ2190,ft,367589370,http://maritime-connector.com/ship/jaron-8886917/,,,,,,
Alana,77,6,102,GRT,505,HP,9759563,WDH2943,WDH2943,ft,367602750,http://www.marinetraffic.com/en/ais/details/ships/shipid:4344431/mmsi:367602750/imo:0/vessel:ALANA,,,,,,
Anthony G,62.1,7,84,GRT,365,HP,NA,WDD4078,WDD4078,ft,367139910,http://wireless2.fcc.gov/UlsApp/UlsSearch/license.jsp?licKey=2843809,,,,,,
Aolani,77,6,102,GRT,505,HP,9759575,WDH2942,WDH2942,ft,367602740,http://www.marinetraffic.com/en/ais/details/ships/shipid:4171929/mmsi:367602740/imo:0/vessel:AOLANI,,,,,,
Apsara,83.3,6,183,GRT,760,HP,8938588,WDC9832,WDC9832,ft,367107220,http://www.marinetraffic.com/tr/ais/details/ships/367107220,,,,,,
Autumn,68.4,NA,NA,NA,NA,NA,NA,NA,NA,ft,NA,,,,,,,
Azure,79,6,126,GRT,402,HP,8854421,WDB5136,WDH6574,ft,367639430,http://www.marinetraffic.com/tr/ais/details/ships/shipid:4211466/mmsi:367639430/vessel:WDH6574,,,,,,
Blue Dragon,85.2,6,135,GRT,700,HP,8941626,WCW8644,WCW8644,ft,367132830,http://www.marinetraffic.com/tr/ais/details/ships/shipid:4173925/mmsi:367132830/vessel:WCW8644,,,,,,
Blue Sky,62,5,58,GRT,300,HP,NA,WCF3666,WDF3666,ft,367442640,http://wireless2.fcc.gov/UlsApp/UlsSearch/license.jsp?licKey=3175568,,,,,,
Capt Andy,75,6,100,GRT,350,HP,8855607,WDF4259,WDF4259,ft,367449780,http://wireless2.fcc.gov/UlsApp/UlsSearch/license.jsp?licKey=3192035,,,,,,
Capt Danny,74.6,6,158,GRT,540,HP,8958409,WDG2262,WDG2262,ft,367513810,http://www.marinetraffic.com/en/ais/details/ships/shipid:4407378/imo:8958409/mmsi:367513810/vessel:CAPT%20DANNY,,,,,,
Capt Davis,72,6,109,GRT,503,HP,8938526,WDE6959,WDE6959,ft,367387110,http://www.marinetraffic.com/en/ais/details/ships/shipid:4011859/mmsi:367387110/vessel:WDE6959,,,,,,
Capt K,82.6,7,143,GRT,530,HP,8939805,WDI5410,WDI4510,ft,367699410,http://www.marinetraffic.com/en/ais/details/ships/shipid:4869841/mmsi:367699410/vessel:WDI4510,,,,,,
Capt Kenneth,77,6,125,GRT,503,HP,8885339,WDE9574,WDE9574,ft,367418820,http://www.marinetraffic.com/en/ais/details/ships/shipid:4013815/mmsi:367418820/vessel:WDE9574,,,,,,
Capt Kevin,83.3,7,167,GRT,630,HP,8855126,WDD5530,WDD5530,ft,367159690,http://www.marinetraffic.com/en/ais/details/ships/shipid:4031823/mmsi:367159690/vessel:WDD5530,,,,,,
Capt Millions I,78.4,6,132,GRT,660,HP,8847844,WDH3493,WDH3493,ft,367607880,http://www.marinetraffic.com/en/ais/details/ships/shipid:4834900/mmsi:367607880/vessel:WDH3493,,,,,,
Capt Millions III,83.3,6,120,GRT,750,HP,8847868,WDI7869,WDI7869,ft,367732990,http://www.marinetraffic.com/en/ais/details/ships/shipid:4091782/mmsi:367732990/vessel:WDI7869,,,,,,
Capt. Greg,66.4,6,102,GRT,500,HP,7940235,WTC4742,WTC4742,ft,367343000,http://www.marinetraffic.com/en/ais/details/ships/shipid:3993940/mmsi:367343000/vessel:WTC4742,,,,,,
Capt. Silver,63,4,63,GRT,365,HP,NA,WDJ6621,WDJ6621,ft,367135280,http://www.marinetraffic.com/en/ais/details/ships/shipid:5139871/mmsi:367135280/vessel:WDJ6621,,,,,,
Captain Alex,72,6,70,GRT,350,HP,NA,WDJ2055,WDJ2055,ft,367754830,http://www.marinetraffic.com/en/ais/details/ships/shipid:4749536/mmsi:367754830/vessel:WDJ2055,,,,,,
Captain D,76.9,5,119,GRT,540,HP,8847777,WDF6917,WDF6917,ft,367479170,http://www.marinetraffic.com/en/ais/details/ships/shipid:4193976/mmsi:367479170/vessel:WDF6917,,,,,,
Captain J 3,81,6,127,GRT,540,HP,8940311,WDD9332,WDD9332,ft,366135000,http://www.marinetraffic.com/en/ais/details/ships/shipid:4133183/mmsi:366135000/vessel:WDD9332,,,,,,
Caroleigh,78,6,100,GRT,500,HP,8986676,WDB5462,WDB5462,ft,366909880,http://www.marinetraffic.com/en/ais/details/ships/shipid:3901067/mmsi:366909880/vessel:WDB5462,,,,,,
Christine N,56,6,56,GRT,280,HP,NA,WDD2133,WDD2133,ft,367111320,http://www.marinetraffic.com/en/ais/details/ships/shipid:4628101/mmsi:367111320/vessel:WDD2133,,,,,,
Commander,73.5,6,112,GRT,402,HP,7515688,WDG6356,WDG6356,ft,367556120,http://www.marinetraffic.com/en/ais/details/ships/shipid:4853137/mmsi:367556120/vessel:WDG6356,,,,,,
Crystal,72,6,90,GRT,350,HP,NA,WDD4711,WDD4711,ft,367148380,http://www.marinetraffic.com/en/ais/details/ships/shipid:4076633/mmsi:367148380/vessel:WDD4711,,,,,,
Cumberland Trail,68.5,6,99,GRT,450,HP,NA,WDH8553,WDH8553,ft,367659170,http://www.marinetraffic.com/en/ais/details/ships/shipid:4115496/mmsi:367659170/vessel:WDH8553,,,,,,
Destiny,71,6,128,GRT,615,HP,8948600,WDJ3184,WDJ3184,ft,367330610,http://www.marinetraffic.com/en/ais/details/ships/shipid:441326/mmsi:367330610/imo:8948600/vessel:DESTINY,,,,,,
Double D,70,4,37,GRT,500,HP,NA,WDE8311,WDE8311,ft,367403980,http://www.marinetraffic.com/en/ais/details/ships/shipid:4011776/mmsi:367403980/vessel:WDE8311,,,,,,
Edward G.,77.9,6,174,GRT,725,HP,8885614,WTC 4737,WTC4737,ft,303114000,http://www.marinetraffic.com/en/ais/details/ships/shipid:4013133/mmsi:303114000/vessel:WTC4737,,,,,,
Finback,52.1,4,57,GRT,350,HP,NA,WDJ6627,WDJ6627,ft,367460990,http://wireless2.fcc.gov/UlsApp/UlsSearch/license.jsp?licKey=3939048,,,,,,
Gail Ann,92.7,6,187,GRT,730,HP,8963923,WAK2110,WAK2110,ft,303174000,http://www.marinetraffic.com/en/ais/details/ships/shipid:4026418/mmsi:303174000/vessel:WAK2110,,,,,,
Golden Dragon,88.4,6,177,GRT,670,HP,8969599,WDF6184,WDG6930,ft,367562160,http://maritime-connector.com/ship/golden-dragon-8969599/,,,,,,
Golden Eagle,79.2,6,139,GRT,670,HP,8939881,WDD353,WDD3538,ft,367132820,https://www.marinetraffic.com/en/ais/details/ships/shipid:4593849/imo:8939881/mmsi:367132820/vessel:GOLDEN%20EAGLE,,,,,,
Golden Eagle II,72.3,6,104,GRT,670,HP,9032850,WDF6942,WDF6942,ft,367479450,https://www.marinetraffic.com/en/ais/details/ships/shipid:4583435/mmsi:367479450/vessel:WDF6942,,,,,,
Golden Phoenix,82.3,7,135,GRT,671,HP,8940531,WDI6495,WDI6495,ft,367719270,https://www.marinetraffic.com/en/ais/details/ships/shipid:4036552/mmsi:367719270/vessel:WDI6495,,,,,,
Green Mountain,72,6,103,GRT,365,HP,8885626,WDI7875,WDI7875,ft,367733060,https://www.marinetraffic.com/en/ais/details/ships/shipid:4440649/mmsi:367733060/vessel:WDI7875,,,,,,
Gutsy Lady 4,85.8,5,170,GRT,1200,HP,8970469,WDG7854,WDG7854,ft,367571490,https://www.marinetraffic.com/en/ais/details/ships/shipid:450760/mmsi:367571490/vessel:WDG7854,,,,,,
Hawaii Ocean,84.3,6,120,GRT,700,HP,8852502,WDH2830,WDH2830,ft,367601630,https://www.marinetraffic.com/en/ais/details/ships/shipid:4954914/mmsi:367601630/vessel:WDH2830,,,,,,
Hokuao,62.3,6,96,GRT,420,HP,NA,WCW9327,WCW9327,ft,367149620,http://wireless2.fcc.gov/UlsApp/UlsSearch/license.jsp?licKey=1531312,,,,,,
Holokai,42.8,4,28,GRT,150,HP,NA,WDI4210,WDI4210,ft,367696320,http://wireless2.fcc.gov/UlsApp/UlsSearch/license.jsp?licKey=3742586,,,,,,
Iron Lady,63.1,6,94,GRT,600,HP,NA,WDH9145,WDH9145,ft,367665070,http://wireless2.fcc.gov/UlsApp/UlsSearch/license.jsp?licKey=3686628,,,,,,
Jane,56.7,5,49,GRT,260,HP,NA,WDB5370,WDB5370,ft,366908890,http://wireless2.fcc.gov/UlsApp/UlsSearch/license.jsp;JSESSIONID_ULSSEARCH=92NwPFwVP4dTdr25Xb8psMNCwlYVptn2jrLt1RpQWyTKj1vGJJJG!585719505!NONE?licKey=2552260&printable,,,,,,
Janthina,79.2,5,126,GRT,425,HP,8856742,WDD5640,WDD5640,ft,367161340,http://wireless2.fcc.gov/UlsApp/UlsSearch/license.jsp?licKey=2874290,,,,,,
Jennifer,54,6,43,GRT,300,HP,NA,WDB9703,WDH7003,ft,366981180,http://wireless2.fcc.gov/UlsApp/UlsSearch/license.jsp?licKey=3638797,,,,,,
Jenny,58.5,6,83,GRT,400,HP,NA,WDE7622,WDE6871,ft,367385940,http://wireless2.fcc.gov/UlsApp/UlsSearch/license.jsp?licKey=3060251,,,,,,
Kaimana,78,NA,NA,NA,NA,NA,NA,WDJ4590,NA,ft,367779150,http://wireless2.fcc.gov/UlsApp/UlsSearch/license.jsp?licKey=3903686,88,GRT,78,ft,TRUE,https://www.iattc.org/VesselRegister/VesselDetails.aspx?VesNo=16366&Lang=en
Kaimi,55,5,67,GRT,320,HP,NA,WDB5495,WDB5495,ft,366910250,http://wireless2.fcc.gov/UlsApp/UlsSearch/license.jsp?licKey=2555357,,,,,,
Kalani,54.7,6,60,GRT,483,HP,NA,WDJ2879,WDJ2879,ft,367762610,http://wireless2.fcc.gov/UlsApp/UlsSearch/license.jsp?licKey=3867564,,,,,,
Kami M,73.2,5,161,GRT,1000,HP,8854495,WDD5030,WDD5030,ft,367152680,http://wireless2.fcc.gov/UlsApp/UlsSearch/license.jsp?licKey=2862119,,,,,,
Katherine II,66,5,72,GRT,250,HP,NA,WCX6053,WCX6053,ft,368492000,http://wireless2.fcc.gov/UlsApp/UlsSearch/license.jsp?licKey=1541745,,,,,,
Katy Mary,74.9,5,167,GRT,600,HP,8852447,WCX2232,WCX2232,ft,367150430,http://wireless2.fcc.gov/UlsApp/UlsSearch/license.jsp?licKey=1533605,,,,,,
Kawaiola,68.6,8,124,GRT,450,HP,7223845,WDH8904,WDH8904,ft,367662660,http://wireless2.fcc.gov/UlsApp/UlsSearch/license.jsp?licKey=3682092,,,,,,
Kawika,72,5,89,GRT,500,HP,NA,WDA6034,WDA6034,ft,366827010,http://wireless2.fcc.gov/UlsApp/UlsSearch/license.jsp?licKey=2353708,,,,,,
Kelly Ann,77.9,6,174,GRT,671,HP,8854251,WBO9234,WBO9234,ft,367320820,http://wireless2.fcc.gov/UlsApp/UlsSearch/license.jsp?licKey=1565759,,,,,,
Kilauea,72,7,98,GRT,550,HP,NA,WDF4959,WDF4959,ft,368144000,http://wireless2.fcc.gov/UlsApp/UlsSearch/license.jsp?licKey=3207279,,,,,,
Kimmy I,78.5,6,160,GRT,700,HP,8885729,WCB4766,WDE7685,ft,369004000,http://wireless2.fcc.gov/UlsApp/UlsSearch/license.jsp?licKey=3080534,,,,,,
Kraken,63.4,6,79,GRT,380,HP,NA,WDF7555,WDF7555,ft,367485680,http://wireless2.fcc.gov/UlsApp/UlsSearch/license.jsp?licKey=3280125,,,,,,
Lady Alice,84,6,160,GRT,850,HP,7828839,WDJ2118,WDJ2118,ft,367755410,http://wireless2.fcc.gov/UlsApp/UlsSearch/license.jsp?licKey=3849613,,,,,,
Lady Ann Margaret,71,6,88,GRT,450,HP,NA,WDF3424,WDF3424,ft,367439730,http://wireless2.fcc.gov/UlsApp/UlsSearch/license.jsp?licKey=3168743,,,,,,
Lady Anna,78,6,125,GRT,700,HP,8885547,WDD4295,WDD4295,ft,367142780,http://wireless2.fcc.gov/UlsApp/UlsSearch/license.jsp?licKey=2848099,,,,,,
Lady Annie,73,6,102,GRT,430,HP,8886010,WDF7010,WDF7010,ft,367480150,http://wireless2.fcc.gov/UlsApp/UlsSearch/license.jsp?licKey=3267525,,,,,,
Lady Betty,62,5,65,GRT,300,HP,NA,WCQ4711,WCQ4711,ft,367018980,http://wireless2.fcc.gov/UlsApp/UlsSearch/license.jsp?licKey=1444598,,,,,,
Lady Christine I,82.6,6,195,GRT,620,HP,8986688,WDE5097,WDE5097,ft,367361970,http://wireless2.fcc.gov/UlsApp/UlsSearch/license.jsp?licKey=3020247,,,,,,
Lady J3,70,6,106,GRT,402,HP,8853130,WDF8205,WDF8205,ft,367492480,http://wireless2.fcc.gov/UlsApp/UlsSearch/license.jsp?licKey=3292204,,,,,,
Lady Jackie,78.5,6,138,GRT,540,HP,8940701,WDG6373,WDG6373,ft,367556290,http://wireless2.fcc.gov/UlsApp/UlsSearch/license.jsp?licKey=3430753,,,,,,
Lady Karen,74.6,6,149,GRT,671,HP,8958459,WDI5313,WDI5313,ft,367707290,http://wireless2.fcc.gov/UlsApp/UlsSearch/license.jsp?licKey=3764494,,,,,,
Lady Karen II,68.9,6,116,GRT,540,HP,8034796,WDG8523,WDG8533,ft,367578510,http://wireless2.fcc.gov/UlsApp/UlsSearch/license.jsp?licKey=3484554,,,,,,
Lady Luck,72.8,8,130,GRT,540,HP,8706569,WDI2728,WDI2728,ft,367681130,http://wireless2.fcc.gov/UlsApp/UlsSearch/license.jsp?licKey=3714663,,,,,,
Lady Mocha I,66,6,65,GRT,402,HP,NA,WDG9696,WDG9696,ft,367590390,http://wireless2.fcc.gov/UlsApp/UlsSearch/license.jsp?licKey=3516565,,,,,,
Lady Mocha II,57,6,62,GRT,400,HP,NA,WDI5732,WDI5732,ft,367711550,http://wireless2.fcc.gov/UlsApp/UlsSearch/license.jsp?licKey=3772520,,,,,,
Lady of the Sea,68,6,63,GRT,425,HP,NA,WDG8406,WDG8406,ft,367577170,http://wireless2.fcc.gov/UlsApp/UlsSearch/license.jsp?licKey=3482231,,,,,,
Lady of the Sea II,68,6,71,GRT,300,HP,NA,WDI5216,WDI5126,ft,367705430,http://wireless2.fcc.gov/UlsApp/UlsSearch/license.jsp?licKey=3759878,,,,,,
Lady Pauline,77,5,134,GRT,540,HP,7336903,WDH7134,WDH7134,ft,367645140,http://wireless2.fcc.gov/UlsApp/UlsSearch/license.jsp?licKey=3641806,,,,,,
Lanikai,76,NA,NA,NA,NA,NA,NA,WDJ2257,NA,ft,367756640,http://wireless2.fcc.gov/UlsApp/UlsSearch/license.jsp?licKey=3852389,116,GRT,76,ft,TRUE,https://www.iattc.org/VesselRegister/VesselDetails.aspx?VesNo=16367&Lang=en
Laura Ann,69,7,126,GRT,750,HP,8225137,WDH6391,WDH6391,ft,367637460,http://wireless2.fcc.gov/UlsApp/UlsSearch/license.jsp?licKey=3625488,,,,,,
Mana Hawaii,68,NA,NA,NA,NA,NA,NA,WDJ6880,NA,ft,368001140,http://wireless2.fcc.gov/UlsApp/UlsSearch/license.jsp?licKey=3943928,,,,,,
Mariah,69.7,4,124,GRT,500,HP,8852277,WCX8862,WCX8862,ft,303835000,http://wireless2.fcc.gov/UlsApp/UlsSearch/license.jsp?licKey=1548192,,,,,,
Marie M,65.7,4,92,GRT,365,HP,NA,WX9744,WX9744,ft,367151660,http://wireless2.fcc.gov/UlsApp/UlsSearch/license.jsp?licKey=1563432,,,,,,
Marine Star,68,5,118,GRT,365,HP,7301570,WYZ6767,WYZ6767,ft,367306510,http://wireless2.fcc.gov/UlsApp/UlsSearch/license.jsp?licKey=1538604,,,,,,
Mighty Joe,81.6,7,124,GRT,525,HP,8861644,WDD6511,WDD6511,ft,367173840,http://wireless2.fcc.gov/UlsApp/UlsSearch/license.jsp?licKey=2892055,,,,,,
Mikette,84.7,5,142,GRT,540,HP,8036976,WDE2331,WDE2331,ft,367323610,http://wireless2.fcc.gov/UlsApp/UlsSearch/license.jsp?licKey=2961800,,,,,,
Miss Ellen,67,6,81,GRT,425,HP,NA,WDI6845,WDI6845,ft,367722830,http://wireless2.fcc.gov/UlsApp/UlsSearch/license.jsp?licKey=3793362,,,,,,
Miss Emma,45.4,5,36,GRT,200,HP,NA,WDG8849,WDG8849,ft,367581690,http://wireless2.fcc.gov/UlsApp/UlsSearch/license.jsp?licKey=3491593,,,,,,
Miss Julie,68.7,6,112,GRT,420,HP,8853269,WCW6964,WCW6964,ft,366721530,http://wireless2.fcc.gov/UlsApp/UlsSearch/license.jsp?licKey=1490442,,,,,,
Miss Renee,49.8,5,60,GRT,350,HP,NA,WDG3231,WDG3231,ft,367523880,http://wireless2.fcc.gov/UlsApp/UlsSearch/license.jsp?licKey=3365469,,,,,,
Nahoa,74.8,NA,NA,NA,NA,NA,NA,WDJ4715,NA,ft,367780410,http://wireless2.fcc.gov/UlsApp/UlsSearch/license.jsp?licKey=3906136,,,82,ft,,TRUE
Okay,58.9,6,60,GRT,365,HP,NA,WDC2224,WDC2224,ft,366989720,http://wireless2.fcc.gov/UlsApp/UlsSearch/license.jsp?licKey=2669419,,,,,,
Pacific Dragon,81.5,6,137,GRT,670,HP,8956774,WDH9397,WDH9397,ft,367667630,http://wireless2.fcc.gov/UlsApp/UlsSearch/license.jsp?licKey=3691978,,,,,,
Pacific Horizon,73.6,6,147,GRT,520,HP,8133023,WDD4529,WDI3854,ft,367692620,http://wireless2.fcc.gov/UlsApp/UlsSearch/license.jsp?licKey=3735671,,,,,,
Pacific Paradise,79.4,6,161,GRT,671,HP,7513032,WDH9020,WDH9020,ft,367663880,http://wireless2.fcc.gov/UlsApp/UlsSearch/license.jsp?licKey=3684201,,,,,,
Pacific Reflection,98,6,173,GRT,730,HP,7398389,WCZ2349,WCZ2349,ft,367396870,http://wireless2.fcc.gov/UlsApp/UlsSearch/license.jsp?licKey=1567443,,,,,,
Pacific Star,82.3,6,119,GRT,670,HP,8856194,WDC9440,WDC9440,ft,367102280,http://wireless2.fcc.gov/UlsApp/UlsSearch/license.jsp?licKey=2796977,,,,,,
Pacific Sun,58.5,5,83,GRT,365,HP,NA,WDB6251,WDB6251,ft,366920620,http://wireless2.fcc.gov/UlsApp/UlsSearch/license.jsp?licKey=2577606,,,,,,
Paradise 2001,75,6,121,GRT,505,HP,NA,WDF3412,WDF3412,ft,367439590,http://wireless2.fcc.gov/UlsApp/UlsSearch/license.jsp?licKey=3168014,,,,,,
Paradise 2002,75,6,121,GRT,402,HP,8992443,WDF3629,WDF3629,ft,367442170,http://wireless2.fcc.gov/UlsApp/UlsSearch/license.jsp?licKey=3174919,,,,,,
Princess Hawaii,61.5,6,75,GRT,320,HP,NA,WDI7553,WDI7553,ft,367729830,http://wireless2.fcc.gov/UlsApp/UlsSearch/license.jsp?licKey=3804943,,,,,,
Princess Jasmine,83.8,6,142,GRT,503,HP,8940660,WDC5729,WDC5729,ft,367045610,http://wireless2.fcc.gov/UlsApp/UlsSearch/license.jsp?licKey=2721906,,,,,,
Princess Jasmine II,78,6,156,GRT,700,HP,8940907,WDC5730,WDC5730,ft,367045620,http://wireless2.fcc.gov/UlsApp/UlsSearch/license.jsp?licKey=2721908,,,,,,
Princess K,68.5,6,101,GRT,365,HP,7309431,WDG2566,WDG2566,ft,367516940,http://wireless2.fcc.gov/UlsApp/UlsSearch/license.jsp?licKey=3348089,,,,,,
Queen Alina,80.8,6,135,GRT,540,HP,8940608,WDE3945,WDF3945,ft,367445940,http://wireless2.fcc.gov/UlsApp/UlsSearch/license.jsp?licKey=3183379,,,,,,
Queen Diamond,76.3,6,121,GRT,503,HP,8843422,WDD2346,WDD2346,ft,367114110,http://wireless2.fcc.gov/UlsApp/UlsSearch/license.jsp?licKey=2810115,,,,,,
Queen Diamond II,76,8,123,GRT,425,HP,8852435,WAD5930,WDF7980,ft,367490140,http://wireless2.fcc.gov/UlsApp/UlsSearch/license.jsp?licKey=3288438,,,,,,
Quynh Vy,72.8,5,130,GRT,420,HP,7050793,WCY9275,WCY9275,ft,367396410,http://wireless2.fcc.gov/UlsApp/UlsSearch/license.jsp?licKey=1566118,,,,,,
Rachel,90.1,6,195,GRT,625,HP,8941286,WDG7521,WDG7521,ft,367568130,http://wireless2.fcc.gov/UlsApp/UlsSearch/license.jsp?licKey=3462123,,,,,,
Rising Phoenix,74.3,6,109,GRT,402,HP,7933701,WDH2941,WDH2941,ft,367602730,http://wireless2.fcc.gov/UlsApp/UlsSearch/license.jsp?licKey=3554104,,,,,,
Rising Phoenix II,84.6,6,157,GRT,720,HP,8963521,WDH3125,WDH3125,ft,367604540,http://wireless2.fcc.gov/UlsApp/UlsSearch/license.jsp?licKey=3558736,,,,,,
Robin II,62,5,69,GRT,365,HP,NA,WDF9642,WDF9642,ft,367507280,http://wireless2.fcc.gov/UlsApp/UlsSearch/license.jsp?licKey=3325880,,,,,,
Sancho 1.2,49,6,52,GRT,240,HP,NA,WDI8378,WDI8378,ft,367738010,http://wireless2.fcc.gov/UlsApp/UlsSearch/license.jsp?licKey=3818135,,,,,,
Sapphire,71,6,74,GRT,402,HP,NA,WDH6467,WDH6467,ft,367638270,http://wireless2.fcc.gov/UlsApp/UlsSearch/license.jsp?licKey=3627120,,,,,,
Sapphire II,76,6,123,GRT,503,HP,8863173,WDH6468,WDH6468,ft,367638280,http://wireless2.fcc.gov/UlsApp/UlsSearch/license.jsp?licKey=3627128,,,,,,
Sapphire III,83.3,7,120,GRT,683,HP,8847870,WDJ5613,WDJ5613,ft,367789570,http://wireless2.fcc.gov/UlsApp/UlsSearch/license.jsp?licKey=3921132,,,,,,
Sea Diamond,71,6,88,GRT,280,HP,NA,WDD7243,WDD7243,ft,367183810,http://wireless2.fcc.gov/UlsApp/UlsSearch/license.jsp?licKey=2906119,,,,,,
Sea Dragon,72,7,103,GRT,500,HP,8852394,WUV5035,WDH3012,ft,367603420,http://wireless2.fcc.gov/UlsApp/UlsSearch/license.jsp?licKey=3555503,,,,,,
Sea Dragon II,74.6,8,149,GRT,540,HP,8958411,WZC5821,WCZ5821,ft,367433150,http://wireless2.fcc.gov/UlsApp/UlsSearch/license.jsp?licKey=1571173,,,,,,
Sea Dragon III,74.4,8,119,GRT,540,HP,8941236,WDI9669,WDI9669,ft,367750990,http://wireless2.fcc.gov/UlsApp/UlsSearch/license.jsp?licKey=3839712,,,,,,
Sea Goddess,83.6,6,145,GRT,325,HP,8855516,WDJ4426,WDJ4426,ft,367508000,http://wireless2.fcc.gov/UlsApp/UlsSearch/license.jsp?licKey=3900447,,,,,,
Sea Hawk,54.8,6,50,GRT,402,HP,NA,WDH9345,WDH9345,ft,367667090,http://wireless2.fcc.gov/UlsApp/UlsSearch/license.jsp?licKey=3691047,,,,,,
Sea Hunt,77.7,5,134,GRT,671,HP,8940220,WDJ2875,WDJ2875,ft,367762560,http://wireless2.fcc.gov/UlsApp/UlsSearch/license.jsp?licKey=3867550,,,,,,
Sea Moon,66,6,72,GRT,320,HP,NA,WCM9435,WCM9435,ft,367128410,http://wireless2.fcc.gov/UlsApp/UlsSearch/license.jsp?licKey=1527322,,,,,,
Sea Moon I,76.9,6,119,GRT,520,HP,8854445,WDI3527,WDI3527,ft,367689250,http://wireless2.fcc.gov/UlsApp/UlsSearch/license.jsp?licKey=3728901,,,,,,
Sea Pearl,87.3,7,188,GRT,600,HP,8856778,WDE5691,WDE5691,ft,367370380,http://wireless2.fcc.gov/UlsApp/UlsSearch/license.jsp?licKey=3031936,,,,,,
Sea Queen II,78.7,8,130,GRT,700,HP,8885494,WDE5203,WDE5203,ft,367363390,http://wireless2.fcc.gov/UlsApp/UlsSearch/license.jsp?licKey=3022040,,,,,,
Sea Queen IIA,83.2,9,164,GRT,720,HP,8970304,WDH2007,WDH2007,ft,367593450,http://wireless2.fcc.gov/UlsApp/UlsSearch/license.jsp?licKey=3525196,,,,,,
Seaspray,48.9,4,48,GRT,285,HP,NA,WDF8671,WDF8671,ft,367497320,http://wireless2.fcc.gov/UlsApp/UlsSearch/license.jsp?licKey=3300778,,,,,,
Second Andy,74,6,106,GRT,450,HP,8680040,WDI2818,WDI2818,ft,367682040,http://wireless2.fcc.gov/UlsApp/UlsSearch/license.jsp?licKey=3716133,,,,,,
Serenity,52.7,6,67,GRT,350,HP,NA,WDF6268,WDF6268,ft,367472450,http://wireless2.fcc.gov/UlsApp/UlsSearch/license.jsp?licKey=3247893,,,,,,
Seven Star,72.1,7,114,GRT,560,HP,7828920,WDJ4329,WDJ4329,ft,367776630,http://wireless2.fcc.gov/UlsApp/UlsSearch/license.jsp?licKey=3898276,,,,,,
Sky Moon,71.2,5,112,GRT,580,HP,7609506,WDB7145,WDB7145,ft,366937120,http://wireless2.fcc.gov/UlsApp/UlsSearch/license.jsp?licKey=2608068,,,,,,
Southern Horizon,89.4,6,188,GRT,575,HP,8940995,WDE9588,WDE9588,ft,367418960,http://wireless2.fcc.gov/UlsApp/UlsSearch/license.jsp?licKey=3118955,,,,,,
St Joseph,91.4,6,198,GRT,670,HP,8855827,WDJ5013,WDJ5013,ft,367783370,http://wireless2.fcc.gov/UlsApp/UlsSearch/license.jsp?licKey=3911664,,,,,,
St. Damien,63,6,93,GRT,360,HP,NA,WDG7604,WDG7604,ft,367568960,http://wireless2.fcc.gov/UlsApp/UlsSearch/license.jsp?licKey=3464170,,,,,,
St. Marianne,77,6,142,GRT,540,HP,7732731,WDJ2093,WDJ2093,ft,367755180,http://wireless2.fcc.gov/UlsApp/UlsSearch/license.jsp?licKey=3849203,,,,,,
St. Martin,74,5,108,GRT,548,HP,8886266,WDF7256,WDF7256,ft,367482650,http://wireless2.fcc.gov/UlsApp/UlsSearch/license.jsp?licKey=3273740,,,,,,
St. Peter,72,7,90,GRT,503,HP,NA,WDF5798,WDF5798,ft,367467330,http://wireless2.fcc.gov/UlsApp/UlsSearch/license.jsp?licKey=3229831,,,,,,
Sylvia,72,6,94,GRT,402,HP,NA,WDE3606,WDE3606,ft,367341510,http://wireless2.fcc.gov/UlsApp/UlsSearch/license.jsp?licKey=2992200,,,,,,
The Seeker II,77,6,142,GRT,395,HP,7743027,WDD3892,WDD3892,ft,367137680,http://wireless2.fcc.gov/UlsApp/UlsSearch/license.jsp?licKey=2840256,,,,,,
Triple Andy,84.8,7,142,GRT,620,HP,8855097,WDJ2903,WDJ2903,ft,367762810,http://wireless2.fcc.gov/UlsApp/UlsSearch/license.jsp?licKey=3868502,,,,,,
Triple Dragon,78,5,107,GRT,485,HP,8937730,WCY7734,WDG6494,ft,367557620,http://wireless2.fcc.gov/UlsApp/UlsSearch/license.jsp?licKey=3433981,,,,,,
VAK 2,70,6,90,GRT,385,HP,NA,WDE9960,WDE9960,ft,367423310,http://wireless2.fcc.gov/UlsApp/UlsSearch/license.jsp?licKey=3127637,,,,,,
VAK 3,66,6,72,GRT,280,HP,NA,WDF6735,WDF6735,ft,367477330,http://wireless2.fcc.gov/UlsApp/UlsSearch/license.jsp?licKey=3260724,,,,,,
Victoria,49.7,7,46,GRT,300,HP,NA,WDJ2400,WDJ2400,ft,367758020,http://wireless2.fcc.gov/UlsApp/UlsSearch/license.jsp?licKey=3855268,,,,,,
Vui Vui,75,NA,NA,NA,NA,NA,NA,WDJ3471,NA,ft,366939000,http://wireless2.fcc.gov/UlsApp/UlsSearch/license.jsp?licKey=3881054,151,GRT,72,ft,TRUE,http://www.fao.org/figis/vrmf/finder/!/display/vessel/IMO/8817875/1#.WZcNDZOGOi4
Vui Vui II,79.5,NA,NA,NA,NA,NA,NA,WDE9678,NA,ft,367420020,http://wireless2.fcc.gov/UlsApp/UlsSearch/license.jsp?licKey=3120951,174,GRT,79,ft,TRUE,http://www.fao.org/figis/vrmf/finder/!/display/vessel/UID/000002067
Yaozaa,70,5,106,GRT,520,HP,8886711,WDE4824,WDE4824,ft,367358280,http://wireless2.fcc.gov/UlsApp/UlsSearch/license.jsp?licKey=3015847,,,,,,
Zephyr,78.7,6,141,GRT,760,HP,8961365,WDI8954,WDI8954,ft,367743820,http://wireless2.fcc.gov/UlsApp/UlsSearch/license.jsp?licKey=3826064,,,,,,